{
  "eval_loss": 0.6170355081558228,
  "eval_accuracy": 0.8444191941263876,
  "eval_macro_f1": 0.8260598580845203,
  "eval_runtime": 82.8667,
  "eval_samples_per_second": 138.065,
  "eval_steps_per_second": 8.64,
  "epoch": 4.0
}