{
    "accuracy": 0.4619666048237477,
    "macro_f1": 0.38094068816931753,
    "total_samples": 539
}